2.522e+000	5.636e+000	1.048e+001	1.812e+001	3.021e+001
2.953e-001	7.253e-001	2.289e+000	4.261e-001	7.058e-001
7.283e-001	2.083e+000	2.151e+000	8.062e-001	2.351e+000
8.866e-001	8.031e-001	1.631e+000	1.424e+000	1.502e+000
3.866e-001	9.519e-001	7.673e-001	1.260e+000	1.624e+000
5.629e-001	9.889e-001	7.377e-001	4.294e+000	1.142e-001
5.399e-001	6.160e-001	1.575e+000	9.011e-001	3.476e-001
1.187e+000	5.805e+000	1.982e+000	1.112e+000	6.460e-001
6.563e-001	1.318e+000	2.186e-001	1.071e+000	3.286e-001
1.346e+000	2.178e+000	8.364e-001	9.625e-001	1.700e+000
2.165e+000	8.828e-001	1.036e+000	6.134e-001	2.160e-001
7.636e-001	4.151e-001	4.984e-001	3.865e+000	3.208e+000
1.608e-001	2.991e+000	1.168e+000	1.364e+000	8.552e-001
6.740e-001	1.746e+000	1.151e+000	8.324e-001	3.647e-001
1.525e+000	3.305e-001	7.077e-001	1.367e+000	1.081e+000
6.893e-001	2.219e+000	1.423e+000	5.345e-001	8.951e-001
3.374e-001	8.872e-001	1.237e+000	5.630e-001	2.410e-001
7.832e-001	1.684e+000	6.368e-001	9.767e-001	2.169e-001
1.462e+000	2.115e+000	1.454e+000	1.414e+000	1.221e+000
5.923e-001	1.448e+000	9.999e-001	6.956e-001	4.317e-001
1.139e+000	8.447e-001	8.200e-001	7.107e-001	3.175e+000
4.525e-001	1.189e+000	8.106e-001	8.027e-001	2.575e+000
3.840e-001	5.814e-001	4.278e-001	1.007e+000	1.035e+000
7.782e-001	2.067e+000	1.633e+000	1.509e+000	1.250e+000
4.558e-001	1.765e+000	1.285e+000	1.107e+000	1.569e+000
1.319e+000	1.032e+000	3.298e-001	1.077e+000	6.488e-001
5.815e-001	8.417e-001	1.589e+000	1.392e+000	2.811e+000
8.984e-001	5.604e-001	9.940e-001	8.911e-001	1.129e+000
1.566e-001	5.025e-001	4.959e-001	1.844e+000	1.753e+000
7.386e-001	1.621e+000	4.351e-001	9.908e-001	6.691e-001
1.795e+000	5.995e-001	1.398e+000	1.216e+000	5.194e-001
6.963e-001	1.417e+000	1.239e+000	1.570e+000	9.471e-001
1.093e+000	1.535e+000	1.248e+000	6.443e+000	4.373e-001
2.997e+000	4.948e-001	1.279e+000	9.033e-001	1.141e+000
1.126e+000	3.039e-001	4.000e-001	1.429e+000	3.549e-001
3.875e-001	3.857e-001	3.301e+000	5.129e-001	1.582e+000
8.711e-001	2.045e+000	1.075e+000	2.681e+000	6.553e-001
2.399e+000	6.035e-001	8.746e-001	7.507e-001	1.626e+000
9.390e-001	2.590e-001	3.281e-001	1.471e+000	1.756e+000
1.710e+000	1.226e+000	8.569e-002	6.748e-001	2.122e+000
8.366e-001	1.946e+000	7.112e-001	9.629e-001	4.963e-001
9.178e-001	2.277e+000	9.276e-001	7.138e-001	4.622e-001
1.155e+000	1.399e-001	1.157e+000	3.529e-001	4.950e-001
1.815e+000	1.238e+000	6.384e-001	3.076e-001	2.747e+000
9.199e-001	3.679e-001	5.534e-001	9.854e-002	6.215e-001
3.114e+000	1.297e+000	5.002e-001	1.889e+000	2.891e-001
2.943e-001	9.130e-001	1.940e-001	1.661e-001	2.434e-001
1.699e+000	1.366e+000	1.455e+000	2.578e+000	1.491e+000
8.004e-001	1.351e+000	1.379e-001	6.912e-001	1.222e+000
3.214e-001	7.612e-001	5.294e-001	7.874e-002	1.111e+000
2.661e+000	1.315e+000	1.075e+000	3.605e+000	3.449e+000
2.716e-001	3.051e-001	3.582e-001	3.181e+000	6.807e-001
5.751e-001	6.678e-001	2.596e+000	3.640e-001	6.288e-001
1.425e+000	7.907e-001	2.137e+000	2.741e+000	1.022e+000
6.790e-001	1.046e+000	3.001e+000	2.708e-001	8.889e-001
1.879e+000	9.824e-001	1.443e+000	1.646e+000	2.722e-001
3.250e+000	2.360e+000	6.541e-001	2.691e-001	1.008e+000
2.596e-001	1.647e+000	2.304e-001	5.472e-001	5.509e-001
3.845e-001	4.790e-001	9.063e-001	1.790e+000	3.899e-001
1.738e+000	1.305e+000	3.552e+000	4.022e-001	6.449e-002
5.654e-001	1.920e+000	6.374e-002	4.433e-001	1.166e+000
2.992e-001	5.475e-001	3.820e-001	7.781e-001	8.002e-001
8.726e-001	1.142e+000	1.387e+000	1.573e+000	3.277e-001
2.976e+000	1.678e+000	7.738e-001	1.271e+000	1.272e+000
1.432e+000	1.410e+000	2.049e+000	2.160e-001	3.423e+000
4.912e-001	5.192e+000	8.000e-001	5.981e-001	1.058e+000
3.856e-001	2.874e-001	6.039e-001	5.630e-001	2.234e-001
2.565e+000	1.168e+000	1.550e-001	9.497e-001	4.361e+000
2.160e+000	1.618e+000	1.837e+000	1.346e+000	1.493e+000
1.805e+000	3.064e-001	1.687e+000	9.738e-001	1.459e+000
3.645e-001	1.255e+000	1.564e+000	7.047e-001	2.294e+000
8.895e-001	1.101e+000	8.645e-001	1.487e+000	1.753e+000
1.917e+000	6.351e-001	1.278e+000	2.048e-001	1.292e-001
5.210e-001	4.609e-001	6.381e-001	9.093e-001	1.175e+000
2.907e-001	1.111e+000	8.228e-001	7.507e-001	1.112e+000
2.243e+000	2.059e+000	2.042e+000	5.119e-001	7.924e-001
9.462e-001	3.001e+000	1.344e+000	1.706e+000	1.776e-001
1.187e+000	4.883e-001	1.379e+000	6.685e-001	2.184e+000
8.539e-001	1.213e+000	1.430e+000	2.855e-001	2.520e+000
9.938e-001	4.026e-001	4.910e+000	4.966e-001	5.006e+000
3.211e-001	9.694e-001	2.730e+000	6.698e-001	2.262e-001
1.036e+000	1.891e+000	1.923e-001	1.984e+000	1.103e+000
1.032e+000	9.277e-001	5.368e-001	1.657e+000	4.429e-001
1.688e+000	1.081e+000	4.310e-001	5.434e-001	2.835e-001
3.949e-001	9.363e-001	2.536e+000	1.051e+000	1.798e+000
3.550e-001	1.953e+000	5.845e-001	4.993e-001	7.629e-001
9.452e-001	4.152e-001	6.539e-001	5.976e-001	6.312e+000
5.614e-001	1.038e+000	6.820e-001	3.146e-001	1.091e-001
1.569e-001	9.930e-001	5.839e-001	3.256e+000	4.780e-001
1.676e+000	1.777e+000	1.428e+000	6.944e-001	2.440e+000
7.777e-001	1.812e+000	2.751e-001	2.140e-001	3.679e-001
4.087e-001	4.738e-001	6.067e-001	4.972e-001	7.918e-001
5.594e-001	1.817e+000	3.888e-001	4.254e-001	1.329e+000
1.085e-001	8.933e-002	1.614e+000	5.651e-001	1.893e+000
1.865e+000	2.125e-001	1.535e+000	2.684e-001	1.013e+000
3.277e+000	5.965e-001	3.017e+000	2.167e+000	2.752e+000
3.165e+000	7.985e-001	2.257e+000	7.528e-001	6.135e-001
8.340e-001	1.992e+000	1.259e+000	3.814e-001	2.111e+000
4.150e-001	3.155e-001	1.339e+000	1.304e+000	1.089e+000
6.187e+000	1.432e+000	3.903e-001	1.522e+000	3.684e-001
8.385e-001	3.282e+000	3.628e+000	5.824e-001	3.736e+000
3.189e-001	1.118e+000	5.575e-001	6.789e-001	1.314e+000
1.142e+000	7.590e-001	1.862e-001	3.251e+000	3.827e-001
1.622e+000	6.635e+000	3.264e+000	3.254e-001	5.611e+000
1.821e+000	2.205e+000	2.679e+000	1.193e+000	1.289e-001
1.122e+000	5.237e-001	1.162e+000	1.339e+000	1.866e+000
6.197e-001	1.702e+000	3.493e+000	1.863e+000	7.873e-001
1.144e+000	5.622e-001	3.890e-001	6.302e-001	3.732e+000
1.923e+000	7.059e-001	7.247e-001	9.907e-001	1.022e+000
2.217e+000	2.330e+000	5.647e-001	5.653e-001	3.639e-001
2.449e+000	1.062e+000	7.373e-001	3.205e-001	3.101e-001
8.461e-001	3.378e-001	3.555e-001	1.203e+000	2.418e+000
2.226e+000	5.834e-001	1.087e+000	1.469e+000	1.872e+000
1.346e+000	1.243e+000	7.720e-002	9.103e-001	1.095e+000
2.747e-001	2.673e+000	3.330e+000	1.694e+000	1.961e+000
3.687e-001	2.860e+000	7.824e-001	9.788e-001	4.663e-001
9.750e-001	2.507e+000	1.268e+000	1.702e+000	9.226e-001
7.285e-001	1.673e+000	1.313e+000	1.875e+000	3.073e+000
7.175e-001	6.833e-001	1.920e+000	8.910e-001	1.618e+000
1.785e+000	8.310e-001	2.758e+000	5.910e-001	1.281e+000
6.795e-001	1.461e+000	1.609e+000	3.413e-001	1.123e+000
1.768e+000	1.178e+000	1.477e+000	5.599e-001	5.479e-001
1.121e+000	8.631e-001	1.149e+000	2.873e-001	8.918e-001
6.704e-001	2.374e-001	1.225e+000	1.619e+000	7.919e-001
1.747e+000	5.996e-001	4.891e-001	2.824e-001	1.193e+000
2.931e+000	1.366e+000	8.526e-001	1.207e+000	1.206e+000
3.123e-001	1.834e+000	1.057e+000	2.904e+000	3.775e-001
2.863e-001	1.211e+000	1.887e+000	9.690e-001	6.286e-001
1.102e+000	2.779e-001	7.900e-001	1.684e+000	3.716e-001
1.435e+000	2.240e+000	7.382e-001	4.114e+000	1.439e+000
6.406e-001	2.049e-001	1.019e+000	2.237e+000	1.342e+000
1.351e+000	8.298e+000	5.645e-001	1.211e+000	5.965e+000
1.062e+000	1.205e+000	9.771e-001	3.330e-001	1.415e+000
1.528e-001	1.313e+000	6.520e-001	2.942e+000	1.304e+000
5.551e-001	4.605e-001	6.963e-001	9.858e-001	1.836e+000
1.146e+000	4.942e+000	3.411e-001	1.951e+000	1.519e+000
7.823e-001	2.200e+000	6.030e-001	8.217e-001	3.483e+000
1.283e+000	1.600e+000	1.445e-001	1.379e+000	2.407e-001
7.080e-001	3.761e-001	2.722e+000	5.749e-001	2.581e-001
1.254e+000	4.402e-001	3.291e+000	8.968e-001	1.463e+000
1.142e+000	8.537e-001	6.247e-001	5.199e-001	3.796e+000
1.927e+000	1.566e-001	1.146e+000	1.284e+000	2.923e-001
4.125e+000	3.066e-001	6.962e-001	4.758e-001	1.472e+000
9.216e-001	1.241e+000	3.130e+000	1.673e+000	1.279e+000
7.128e-001	4.549e-001	7.295e-001	5.036e-001	1.323e+000
6.784e-001	2.155e+000	8.878e-001	1.787e+000	2.277e+000
1.401e+000	1.677e+000	1.278e+000	1.816e+000	1.183e+000
1.261e+000	2.305e-001	1.419e+000	4.346e-001	5.852e-001
3.681e-001	1.220e+000	4.043e-001	4.073e-002	2.164e+000
8.630e-001	1.932e+000	8.569e-001	6.228e-001	1.227e+000
1.908e-001	6.501e-001	1.564e+000	2.707e+000	1.236e+000
6.867e-001	7.731e-001	3.343e-001	1.632e+000	1.596e+000
2.403e+000	7.745e-001	4.562e+000	7.937e-001	7.070e-001
1.122e+000	3.912e-001	1.852e+000	1.098e+000	7.751e-001
3.353e-001	6.387e-001	8.129e-001	6.682e-001	7.991e-001
1.724e+000	1.729e+000	3.207e+000	5.673e-002	6.841e-001
1.288e+000	4.562e-001	5.126e-001	5.556e-001	7.890e-001
2.346e+000	1.506e+000	3.235e-001	1.257e+000	9.515e-001
1.265e+000	1.265e+000	8.508e-001	1.176e+000	6.096e-001
6.296e-001	9.370e-001	1.424e+000	2.045e+000	5.252e-001
8.456e-001	7.098e-001	8.652e-001	1.002e+000	1.396e+000
1.562e+000	1.239e+000	1.050e+000	6.809e-001	1.494e+000
1.723e+000	2.504e-001	4.074e+000	8.262e-002	5.415e-001
3.515e-001	2.876e+000	2.043e+000	1.109e+000	3.964e-001
1.601e+000	6.957e-001	3.702e+000	6.846e+000	2.269e-001
2.560e-001	2.640e+000	6.431e-001	9.423e-001	1.320e+000
1.553e+000	3.198e-001	4.743e-001	6.648e-001	4.066e-001
7.227e-001	1.731e-001	2.717e+000	8.855e-001	5.295e-001
6.901e-001	1.037e-001	2.626e-001	1.912e+000	2.638e+000
6.998e-001	1.322e+000	9.191e-001	3.499e+000	3.171e-001
2.647e-001	1.001e+000	2.274e+000	9.306e-001	1.142e+000
1.491e+000	1.121e+000	5.803e-001	1.175e+000	7.308e-001
3.177e-001	1.785e-001	1.101e+000	4.866e-001	1.770e+000
2.848e+000	6.340e-001	1.619e+000	5.419e-001	1.518e-001
2.500e-001	9.324e+000	5.401e-001	2.833e+000	7.282e-001
4.988e-001	7.332e-001	2.333e-001	6.566e-001	4.074e-001
1.983e+000	2.315e+000	2.665e-001	4.932e-001	7.127e-001
2.412e+000	2.991e+000	5.961e-001	3.845e-001	2.250e-001
2.997e+000	1.721e+000	1.529e+000	8.498e-001	2.724e-001
8.884e-001	1.161e+000	7.169e-001	1.439e+000	4.616e-001
6.106e-001	4.333e+000	1.209e+000	3.304e-001	5.764e-001
1.892e+000	6.667e-001	1.813e+000	1.570e+000	1.014e+000
5.521e-001	5.974e-001	1.436e+000	2.246e+000	1.316e+000
3.945e-001	3.850e-001	3.938e-001	2.902e-001	3.276e+000
3.437e-001	3.105e+000	6.701e-001	3.446e-001	1.208e+000
4.586e-001	1.820e+000	1.311e+000	9.569e-001	1.180e+000
3.675e-001	1.274e+000	7.942e-001	6.912e-001	1.945e+000
7.862e-001	8.835e-001	5.511e-001	8.788e-001	2.929e+000
6.170e-001	3.002e+000	1.191e+000	8.724e-001	8.241e-001
8.864e-002	5.591e-001	2.057e+000	2.093e+000	1.103e-001
8.430e-001	5.762e-001	1.835e+000	2.039e+000	1.335e+000
5.743e-001	1.365e+000	3.137e+000	5.010e-001	2.053e-001
4.443e-001	5.267e-001	9.266e-001	7.580e-001	3.245e-001
4.272e+000	7.395e+000	1.288e+000	3.718e+000	4.525e+000
1.056e+000	1.181e+000	6.841e-001	7.806e-001	1.140e+000
1.744e+000	7.783e-001	3.174e-001	3.597e-001	8.160e-001
4.803e-001	1.255e+000	6.557e-001	2.809e-001	9.725e-001
8.365e-001	3.713e+000	4.077e-001	1.464e+000	2.395e+000
1.061e+000	2.685e-001	1.957e+000	8.272e-001	7.772e-001
3.743e-001	9.120e-001	3.393e-001	1.442e+000	1.019e+000
7.922e-001	3.357e-001	8.649e-001	3.831e-001	7.776e-001
7.031e-001	4.497e-001	1.719e+000	1.026e+000	3.483e-001
6.305e-001	1.467e+000	1.514e+000	5.007e-001	1.410e+000
1.352e+000	7.144e-001	3.583e+000	2.464e-001	2.039e+000
7.043e-001	2.215e+000	4.007e-001	3.604e+000	4.091e-001
6.277e-001	1.394e+000	9.067e-001	1.182e+000	2.102e-001
1.002e+000	7.509e-001	1.179e+000	2.648e+000	1.101e+000
2.271e+000	1.439e+000	4.734e-001	1.009e+000	4.181e-001
3.160e-001	5.953e-001	6.231e-001	9.325e-001	8.264e-001
3.259e+000	1.728e-001	4.485e-001	6.294e-001	7.112e-001
2.975e-001	2.656e+000	1.379e+000	3.153e+000	9.182e-001
1.620e-001	2.802e+000	2.321e+000	6.193e-001	1.360e+000
1.060e+000	3.356e-002	3.563e-001	5.647e-001	3.795e-001
3.720e-001	6.830e-001	1.817e+000	3.122e-001	2.159e+000
4.280e-001	3.316e+000	6.895e-001	5.620e-001	2.282e+000
2.116e+000	7.097e-001	6.300e-001	1.120e+000	1.008e+000
2.709e+000	2.267e+000	5.765e-001	1.095e-001	2.735e-001
1.734e+000	7.709e-001	1.334e+000	1.033e+000	1.093e+000
2.436e+000	9.494e-001	1.201e+000	3.613e-001	7.162e-001
1.740e+000	8.923e-001	2.205e+000	1.139e+000	7.167e-001
6.575e-001	1.360e+000	4.883e-001	1.248e+000	1.056e+000
1.874e-001	2.071e+000	8.239e-001	1.809e+000	3.555e-001
2.925e-001	2.132e+000	2.692e+000	5.693e-001	3.992e+000
1.184e+000	2.820e-001	5.296e-001	1.534e+000	4.597e+000
2.158e+000	2.940e-001	5.305e-001	1.028e+000	1.059e+000
2.072e+000	2.696e+000	1.522e+000	4.983e-001	1.169e+000
1.111e+000	1.014e+000	1.078e+000	2.053e-001	4.621e-001
9.590e-001	5.291e-001	4.142e-001	4.339e-001	4.528e-001
1.606e+000	2.115e+000	9.338e-001	4.333e-001	1.062e+000
1.024e+001	7.278e-001	1.482e+000	3.057e+000	1.135e+000
1.723e-001	2.508e-001	1.037e+000	2.493e-001	6.021e-001
4.430e+000	1.197e+000	6.605e-001	6.351e-001	9.839e-001
4.861e-001	7.992e-001	2.344e+000	2.873e-001	2.043e+000
7.921e-001	1.075e+000	1.824e+000	6.756e-001	1.518e+000
1.088e+000	5.419e-001	1.302e+000	3.223e-001	2.732e+000
4.711e-001	7.092e-001	5.437e-001	6.729e-001	3.235e+000
1.158e+000	7.597e-001	3.023e+000	3.842e-001	1.342e-001
5.018e-001	4.692e-001	6.365e-001	1.559e+000	1.385e+000
9.678e-001	1.551e+000	7.195e-001	1.090e+000	8.154e-001
5.348e-001	9.373e-001	4.789e-001	4.336e-001	8.592e-001
2.238e+000	6.517e-001	6.393e-001	3.031e-001	1.478e+000
3.696e-001	9.244e-001	1.053e+000	9.926e-001	1.013e+000
1.243e+000	4.886e-001	6.228e-001	1.914e-001	5.233e+000
2.083e+000	6.552e-001	5.200e+000	1.515e+000	4.012e+000
6.490e+000	1.945e+000	3.406e-001	3.058e+000	9.817e-001
4.363e-001	8.879e-001	1.248e+000	1.332e+000	1.648e+000
3.417e-001	1.414e-001	1.210e+000	2.893e+000	7.258e-001
4.264e-001	1.958e+000	1.391e+000	1.442e+000	1.175e+000
1.467e+000	1.817e+000	2.849e+000	9.923e-001	6.623e-001
3.129e+000	9.164e-001	1.296e+000	1.609e+000	3.195e+000
3.838e-001	1.115e+000	7.316e-001	2.388e-001	5.117e-001
4.596e-001	1.565e+000	2.831e-001	5.464e-001	3.398e+000
9.155e-001	1.747e+000	5.901e-001	1.872e+000	4.075e-001
8.067e-001	1.318e+000	7.982e-001	1.014e+000	1.415e+000
9.707e-001	2.853e+000	5.077e-001	4.517e-001	8.296e-001
2.865e+000	2.180e+000	3.956e+000	8.156e-001	7.067e-001
4.047e-002	2.333e+000	5.381e-001	1.253e+000	2.825e+000
4.186e-001	1.959e+000	4.588e-001	6.056e+000	7.157e-001
5.408e-001	1.562e+000	2.220e+000	5.325e-001	3.067e-001
1.551e+000	8.419e-001	5.013e-001	8.771e-001	7.256e-001
7.951e-001	9.211e-001	9.922e-001	3.025e+000	4.008e-001
4.345e-001	9.763e-001	2.763e-001	3.853e-001	2.723e-001
4.753e-001	9.588e-001	1.983e+000	1.557e+000	1.284e-001
4.120e-001	1.459e+000	8.759e-001	1.040e+000	1.039e+000
2.658e-001	2.183e+000	1.284e+000	4.309e-001	6.167e-001
1.650e-001	1.058e+000	9.969e-001	3.589e-001	2.821e-001
9.718e-002	7.843e-001	9.457e-001	1.635e-001	1.493e+000
1.195e+000	3.183e+000	1.131e+000	4.856e-001	2.028e+000
4.354e-001	8.718e-001	1.090e+000	1.041e+000	1.978e+000
6.142e-001	8.147e-001	1.337e-001	1.016e+000	4.762e-001
1.114e+000	9.194e-001	8.775e-001	1.534e+000	5.978e-001
7.434e-001	1.381e+000	3.188e+000	1.407e+000	5.843e-001
1.975e+000	3.737e-001	4.291e-001	7.865e-001	3.609e-001
3.038e-001	7.013e-001	1.332e+000	7.659e-001	1.579e+000
1.854e+000	1.544e+000	9.502e-001	2.030e+000	1.769e+000
1.399e+000	2.186e+000	2.109e+000	4.964e-001	2.801e-001
8.592e-001	6.338e-001	8.652e-001	1.109e+000	9.117e-001
2.578e+000	8.803e-001	7.862e-001	8.087e-001	4.310e-001
8.779e-001	9.905e-001	1.497e+000	3.925e-001	1.090e+000
7.032e-001	1.427e+000	7.355e-001	5.317e-002	7.298e-001
1.479e+000	8.905e-001	7.018e-002	1.711e+000	1.443e+000
6.789e-001	1.527e-001	2.352e+000	4.796e+000	1.015e+000
3.860e-001	1.532e+000	3.295e+000	1.521e+000	2.513e-001
8.233e-001	2.644e+000	4.272e+000	4.695e-001	2.063e+000
2.580e+000	1.060e+000	1.400e+000	1.216e+000	1.143e+000
1.786e+000	2.223e+000	1.300e+000	5.726e-001	5.570e-001
7.965e-001	5.472e-001	1.417e+000	3.490e+000	3.167e-001
2.927e-001	5.516e-001	1.940e-001	1.926e+000	2.012e+000
4.005e+000	4.697e-001	3.159e+000	5.488e-001	3.763e-001
7.961e-001	8.279e-002	5.557e-001	5.243e-001	2.131e+000
1.298e+000	4.170e-001	1.652e-001	4.134e-001	6.478e-001
1.960e+000	3.196e-001	2.336e+000	1.390e+000	3.263e+000
1.107e+000	1.120e+000	2.821e-001	1.183e+000	1.356e+000
1.022e+000	3.154e+000	3.379e-001	1.892e+000	1.335e+000
1.651e+000	5.305e-001	3.130e-001	7.489e-001	9.830e-001
6.516e-001	1.002e+000	3.500e-001	6.460e-001	1.536e+000
1.444e+000	6.925e-001	2.488e-001	2.069e-001	7.094e-001
2.099e+000	2.708e+000	7.833e-001	8.991e-001	2.442e+000
3.200e-001	7.525e-001	1.292e+000	7.813e-001	1.730e-001
1.035e+000	8.967e-001	2.180e+000	5.082e+000	7.405e-001
3.168e+000	1.825e+000	5.845e-001	2.894e+000	1.416e+000
4.731e-001	1.023e+000	3.789e-001	2.578e-001	4.735e-001
3.414e-001	2.550e+000	8.616e-001	8.691e-001	1.635e+000
9.203e-001	2.503e-001	2.242e-001	9.812e-001	4.240e+000
4.737e-001	2.622e-001	1.091e+000	4.656e-001	1.204e+000
3.412e-001	2.326e+000	6.517e-001	5.005e-001	2.227e-001
1.720e+000	1.993e+000	1.029e+000	6.966e-001	5.847e-001
9.580e-001	5.883e-001	3.131e-001	1.898e+000	8.944e-001
7.040e-001	1.957e+000	6.254e-001	2.197e+000	2.669e-001
1.058e+000	5.242e-001	4.678e-001	1.356e+000	8.626e-001
8.247e-001	7.564e-001	4.155e-001	4.593e-001	1.062e+000
1.828e+000	1.775e+000	4.901e-001	1.588e+000	9.779e-001
1.964e+000	2.802e+000	2.234e-001	3.756e-001	4.824e-001
1.986e+000	8.065e-001	3.715e+000	7.971e-001	1.222e+000
4.950e-002	5.595e-001	1.494e-001	7.951e-001	3.367e-001
8.584e-001	4.647e+000	1.603e+000	4.293e+000	6.119e-001
1.732e+000	8.975e-001	8.711e-001	1.036e+000	5.722e-001
4.203e-001	1.746e+000	5.950e-001	6.991e-001	5.330e-001
7.414e-001	2.043e+000	4.649e-001	6.834e-001	2.658e+000
2.383e+000	1.427e+000	1.984e+000	8.925e-001	3.643e+000
4.004e-001	6.966e-002	1.037e+000	1.425e+000	2.625e+000
4.411e-001	8.765e-001	7.298e-001	1.882e-001	1.428e+000
6.435e-001	1.690e-001	1.180e+000	7.155e-001	1.137e+000
9.157e-001	1.744e-001	4.753e-001	1.053e+000	5.559e-001
7.661e-001	1.348e+000	1.233e+000	4.103e-001	8.852e-001
5.890e+000	1.102e+000	2.741e-001	4.774e-001	4.077e-001
6.090e-001	2.474e-001	5.071e-001	6.974e-001	2.243e+000
3.854e-001	9.886e-001	9.604e-001	3.798e-001	6.971e-001
7.666e+000	5.423e-001	4.205e+000	5.001e-001	2.002e+000
1.301e+000	3.463e-001	1.240e+000	3.098e-001	1.556e-001
1.117e+000	1.061e+000	5.394e-001	7.508e-001	1.397e+000
2.918e+000	1.234e+000	1.969e+000	5.791e-001	3.597e-001
1.594e+000	4.178e-001	1.677e+000	2.810e-001	8.756e-001
6.388e-001	1.395e+000	1.084e+000	2.462e+000	8.656e-001
7.435e-001	7.046e-001	1.656e+000	2.847e+000	1.057e+000
3.882e+000	7.807e-001	3.162e-001	8.281e-001	1.227e+000
3.880e-001	3.799e+000	1.249e+000	8.979e-001	1.466e+000
1.871e+000	1.456e+000	1.936e+000	4.067e-001	1.219e+000
3.063e-001	2.530e+000	1.940e+000	7.832e-001	4.014e-001
7.793e-001	7.595e-001	2.160e+000	1.194e+000	1.612e+000
4.214e-001	7.395e-002	1.205e+000	7.612e-001	1.133e+000
1.873e-001	5.226e-001	2.641e-001	1.248e+000	5.344e-001
8.668e-001	2.722e+000	1.440e+000	7.241e-001	7.568e-001
2.600e+000	1.206e+000	1.696e+000	2.173e+000	2.423e+000
7.877e-001	4.854e-001	1.949e+000	2.316e-001	1.538e+000
1.970e+000	3.317e-001	1.146e+000	1.238e+000	3.531e+000
1.497e+000	1.523e+000	4.790e-001	6.010e-001	6.969e-001
7.894e-001	7.301e-001	8.203e-001	4.826e+000	7.224e-001
1.112e+000	6.505e-001	4.264e-001	4.247e-001	1.074e+000
2.541e-001	2.128e+000	8.874e-001	2.846e+000	8.339e-001
2.239e+000	8.370e-001	2.236e+000	9.849e-002	2.506e-001
1.928e+000	1.086e+000	1.107e+000	4.507e-001	2.178e+000
1.263e+000	2.784e-001	3.373e+000	5.367e-001	1.094e+000
2.551e-001	2.867e-001	9.614e+000	6.710e-001	3.792e+000
4.562e-001	1.486e-001	6.671e-001	9.507e-001	1.350e+000
7.988e-001	4.131e+000	1.072e+000	3.444e-001	8.220e-001
5.669e-001	2.765e+000	1.335e+001	1.684e+000	1.936e-001
1.127e+000	2.398e+000	7.648e-001	3.989e-001	2.887e+000
1.538e+000	3.468e-001	1.023e+000	6.534e-001	2.767e-001
1.047e+000	1.386e+000	4.786e-001	2.087e+000	7.260e-001
2.002e+000	1.093e+000	6.227e-001	6.457e-001	3.635e-001
8.643e-001	1.007e+000	2.655e+000	1.470e+000	1.236e+000
9.237e-001	1.628e+000	1.753e-001	1.012e+000	8.442e-001
6.806e-001	4.429e-001	1.661e+000	5.507e-001	9.031e-001
1.358e+000	1.426e+000	3.125e+000	5.978e-001	1.206e-001
6.667e-001	9.629e-001	1.524e+000	1.118e+000	1.210e+000
2.192e-001	8.237e-001	9.252e-001	5.047e-001	1.881e+000
4.549e-001	3.814e-001	1.971e+000	2.728e+000	1.718e+000
2.502e+000	4.433e-001	1.123e+000	6.062e+000	2.600e+000
5.585e-001	3.887e-001	2.885e+000	3.095e-001	3.654e-001
7.535e-001	8.024e-001	1.002e+000	4.367e-001	1.260e+000
6.031e-001	1.105e+000	1.083e+000	1.501e+000	5.797e-001
6.333e-001	1.033e+000	1.312e-001	2.262e+000	2.225e-001
8.660e-001	9.450e-001	9.315e-001	2.828e-001	8.057e-001
9.595e-001	2.946e+000	3.121e-001	4.566e-001	3.662e-001
2.514e+000	3.851e-001	1.172e+000	7.633e-001	2.057e+000
1.509e+000	4.018e+000	7.102e-001	5.923e-001	1.312e+000
9.984e-001	7.120e-001	1.159e+000	1.031e+000	4.023e-001
9.421e-001	1.606e+000	2.686e+000	3.552e-001	1.428e+000
2.174e+000	1.065e+001	4.925e-001	1.152e+000	4.265e-001
3.340e-001	2.783e-001	6.200e-001	1.949e+000	1.832e+000
7.650e-001	1.161e+000	2.510e+000	1.334e+000	9.378e+000
6.525e-001	5.074e+000	3.273e+000	7.875e-001	3.959e-001
1.007e+000	1.380e-001	3.779e+000	7.612e-001	1.177e+000
1.065e+000	1.235e+000	5.137e-001	3.908e-001	4.824e-001
3.032e+000	2.194e+000	6.629e+000	1.787e+000	1.960e+000
1.837e+000	1.233e+000	6.932e-001	9.388e-001	7.369e-001
5.836e-001	1.009e+000	8.752e+000	4.535e-001	3.496e+000
3.316e+000	9.606e-001	1.813e-001	1.200e+000	3.120e-001
2.409e+000	1.328e+000	1.130e+000	6.264e-001	2.290e-001
6.648e-001	7.145e-001	1.139e+000	2.209e-001	8.787e-001
7.359e-002	8.679e-001	1.292e+000	6.350e-001	8.256e-001
7.087e-001	6.985e-001	8.468e-001	1.441e-001	1.132e+000
1.329e+000	5.757e-001	2.880e-001	3.832e+000	1.131e+000
3.445e+000	2.240e-001	1.183e+000	2.269e+000	1.210e+000
9.569e-001	1.014e+000	1.580e+000	5.727e-001	1.153e+000
3.446e+000	9.879e-001	1.528e+000	8.276e-001	1.084e+000
8.408e-001	8.343e-001	1.305e+000	6.001e-001	2.706e+000
8.645e-001	1.901e-001	3.168e+000	9.548e-001	3.228e+000
6.035e-001	1.796e+000	1.529e+000	8.035e-001	2.234e-001
4.653e+000	1.716e+000	2.723e+000	9.513e-001	1.239e+000
2.345e+000	1.458e+000	1.669e+000	7.954e-001	7.249e+000
9.140e-001	9.467e-001	1.737e+000	2.380e+000	1.180e+000
4.328e-001	1.677e+000	7.277e-001	2.444e+000	9.311e-002
2.529e+000	2.872e-001	8.839e-001	8.530e-001	5.379e-001
5.763e-001	1.686e+000	6.102e-001	2.648e-001	2.397e+000
4.429e+000	1.425e+000	3.101e-001	7.767e-001	2.320e-001
1.208e+000	2.996e-001	2.855e+000	1.004e+000	2.381e+000
1.078e+000	7.111e-001	1.494e+000	1.279e+000	2.034e-001
6.153e-001	4.013e+000	1.401e+000	1.066e+000	1.133e+000
2.763e-001	6.097e-001	8.043e-001	2.326e+000	3.011e-001
5.950e-001	1.052e+000	5.169e+000	4.742e-001	2.961e+000
6.067e-001	8.466e-001	2.991e-001	5.254e-001	1.640e+000
1.412e+000	5.624e-001	1.347e+000	1.181e+000	1.436e+000
3.880e-001	2.663e+000	5.763e-001	5.664e+000	1.251e+000
1.703e+000	1.486e+000	6.833e-001	5.682e-001	9.408e-001
1.967e-001	8.581e-001	1.827e+000	2.681e+000	3.151e-001
9.496e-001	7.170e-001	5.306e-001	2.432e+000	2.536e-001
3.595e-001	1.761e+000	1.187e+000	2.781e+000	9.696e-001
1.502e-001	4.338e+000	1.892e+000	1.387e+000	2.633e+000
1.379e+000	2.795e+000	8.529e-001	1.239e+000	6.835e-001
3.549e+000	1.345e+000	1.828e-001	6.724e-001	9.788e-001
1.981e+000	6.357e-001	2.401e-001	8.303e-001	3.720e-001
2.523e+000	4.685e+000	5.758e-001	5.679e-001	1.579e+000
8.632e-001	1.161e+000	6.758e-001	5.139e-001	3.075e-001
3.348e-001	4.027e-001	3.363e+000	6.462e-001	5.757e-001
6.973e-001	8.543e-001	7.321e-001	1.894e+000	4.260e-001
1.109e+000	4.941e+000	5.462e-001	1.149e+000	1.382e+000
6.362e-001	3.948e-001	9.289e-001	6.758e-001	1.255e+000
1.242e+000	8.307e-001	1.029e+000	3.309e-001	8.233e-001
9.461e-001	4.248e-001	3.134e-001	8.372e-001	3.948e+000
1.067e+000	9.466e-001	3.490e-001	2.825e-001	7.824e-001
4.051e-001	1.357e+000	2.307e+000	4.152e+000	4.002e-001
1.507e+000	9.623e-001	2.142e+000	7.371e-001	3.557e-001
8.612e-001	1.267e+000	1.925e-001	3.229e-001	9.290e-001
2.027e+000	1.602e+000	3.660e+000	3.438e-001	9.567e-001
3.029e-001	1.076e+000	9.337e-001	8.225e-001	1.305e+000
3.965e-001	8.224e-001	3.826e-001	1.992e+000	1.932e+000
2.389e+000	6.249e-001	2.270e-001	2.228e-001	1.929e+000
9.778e-001	1.450e-001	1.745e+000	5.905e+000	2.436e+000
1.933e+000	1.802e+000	1.320e+000	7.844e-001	7.766e-001
3.789e-001	2.135e+000	1.111e+000	1.388e+000	9.639e-001
1.635e+000	1.070e+000	1.938e+000	2.954e-001	2.185e+000
6.894e-001	1.019e+000	2.542e-001	1.028e+000	2.328e-001
7.056e-001	1.120e+000	1.688e+000	7.240e-001	8.140e-001
1.094e+000	5.270e-001	2.085e+000	1.099e+000	7.127e-001
7.701e-001	6.700e-001	7.478e-001	3.739e-001	3.027e+000
1.338e+000	2.913e-001	1.579e+000	1.096e+000	1.010e+000
2.190e+000	3.128e-001	9.312e-001	2.572e-001	3.946e-001
3.758e-001	4.258e+000	2.601e-001	8.866e-001	4.390e-001
5.033e-001	8.238e-001	2.184e+000	1.576e+000	1.621e-001
7.854e+000	4.368e-001	6.579e-001	1.864e+000	2.268e+000
3.970e-001	1.426e-001	3.484e-001	1.808e+000	7.526e-001
1.533e+000	3.657e+000	1.427e+000	1.635e-001	4.482e-001
6.683e-001	4.357e-001	1.288e+000	5.311e-001	3.252e-001
8.598e-001	8.126e-001	6.094e-001	4.613e-001	7.349e-001
7.826e-001	2.887e+000	1.593e-001	1.720e-001	3.208e-001
6.840e-001	9.040e-001	2.647e-001	7.001e-001	1.678e+000
6.814e-001	4.658e-001	1.636e-001	4.941e-001	4.826e-001
3.348e-001	6.158e-001	3.751e-001	1.430e+000	1.752e-001
7.689e-001	2.590e+000	3.284e+000	5.683e-001	9.473e-002
8.391e-001	6.328e-001	1.779e-001	2.183e+000	6.422e-001
7.513e-001	6.996e-001	2.556e+000	2.473e-001	1.109e+000
2.841e+000	2.015e+000	7.043e-001	1.213e+000	2.061e+000
4.560e-001	2.629e+000	2.181e+000	1.587e-001	2.183e+000
3.466e+000	1.516e+000	1.400e+000	1.877e+000	5.370e-001
1.481e+000	5.163e-001	1.783e+000	1.095e+000	1.870e-001
5.413e-001	2.587e-001	6.038e-001	3.880e-001	5.693e-001
9.749e-001	1.151e+000	1.712e+000	5.701e-001	2.957e+000
1.176e+000	1.362e+000	1.148e+000	1.035e+000	2.977e-001
3.416e-001	5.576e-001	4.955e-001	2.691e+000	1.382e+000
1.081e+000	7.062e-001	1.824e+000	1.046e+000	8.092e-001
8.768e-001	2.909e-001	3.553e-001	2.916e-001	3.962e-002
1.583e+000	1.044e+000	1.054e-001	3.399e+000	1.359e+000
4.383e+000	1.262e+000	6.004e-001	3.493e-001	1.013e+000
4.866e-001	2.099e+000	4.874e-001	1.256e+000	8.895e-001
1.253e+000	3.126e+000	7.674e-001	8.663e-001	8.018e-001
8.270e-001	2.689e-001	1.572e+000	1.025e+000	3.685e-001
9.768e-001	2.384e+000	8.879e-001	6.610e-001	1.143e+000
6.194e-001	3.968e-001	9.921e-001	1.072e+000	1.061e+000
1.387e+000	1.899e+000	9.172e-001	2.975e+000	2.464e+000
1.380e+000	1.346e+000	4.605e-001	4.304e-001	1.093e+000
1.094e+000	1.119e+000	6.016e+000	2.804e+000	8.964e-001
8.278e-001	2.403e+000	6.513e-001	1.141e+000	6.281e-001
9.557e-001	3.380e+000	5.996e+000	2.405e+000	1.117e+000
1.516e-001	1.128e+000	2.156e+000	2.660e+000	7.635e-001
3.117e-001	1.018e+000	8.617e-001	1.565e+000	7.568e-001
5.621e+000	5.711e-001	5.697e-001	4.686e-001	3.254e-001
1.741e+000	1.445e+000	2.106e+000	1.989e+000	4.187e+000
9.132e-001	1.574e+000	1.315e+000	1.552e+000	6.208e-001
2.325e+000	1.133e+000	1.889e+000	3.867e-001	3.365e-001
8.608e-001	2.099e+000	1.653e+000	1.985e+000	2.659e+000
1.873e+000	1.145e+000	1.209e+000	1.209e+000	8.048e-001
6.656e-001	2.573e-001	3.130e-001	2.264e+000	8.121e-001
1.904e+000	1.127e+000	1.351e+000	2.905e+000	2.168e-001
2.086e+000	1.163e+000	2.777e-001	8.228e-001	5.806e-001
4.015e-001	3.902e-001	1.536e+000	5.495e-002	8.652e-001
1.199e+000	1.492e+000	1.907e+000	7.312e-001	4.508e-001
1.038e+000	7.815e-001	1.316e+000	1.442e-001	2.325e+000
2.257e-001	5.458e-001	1.018e+000	7.375e-001	1.728e+000
7.376e-001	1.611e+000	7.362e-001	6.303e-001	4.391e-001
4.757e-001	6.477e-001	1.620e+000	1.993e+000	6.087e-001
8.835e-001	3.314e-001	3.787e-001	8.510e-001	3.285e-001
7.948e-001	1.472e+000	2.237e+000	1.019e+000	1.389e+000
1.351e+000	3.328e+000	1.662e+000	7.445e-001	8.278e-001
1.071e+000	2.444e+000	3.725e-002	1.989e+000	5.059e-001
1.006e+000	1.162e+000	1.141e+000	5.661e-001	1.698e+000
9.256e-001	2.514e-001	4.079e-001	2.136e+000	6.574e-001
2.769e+000	2.868e+000	1.392e+000	1.676e+000	3.911e-001
3.806e-001	1.192e+000	6.129e-001	1.104e+000	3.789e+000
3.506e-001	2.254e+000	1.348e+000	2.824e-001	3.077e+000
4.377e-001	1.211e+000	2.556e+000	8.841e-001	1.138e+000
4.220e+000	1.333e+000	3.137e-001	5.130e-001	3.324e-001
4.719e-001	2.283e+000	4.475e-001	1.205e+000	1.523e-001
8.170e-001	4.106e-001	5.509e-001	1.843e+000	1.873e+000
4.312e-001	1.393e-001	1.261e+000	1.594e+000	5.698e-001
2.734e-001	4.466e-001	1.154e+000	7.290e-001	1.304e+000
2.323e+000	9.537e-001	6.609e-001	1.795e-001	6.972e-001
1.313e+000	2.531e+000	1.080e+000	1.192e+000	1.472e+000
1.302e+000	1.498e+000	5.895e-001	9.134e-001	2.059e-001
2.749e+000	3.049e-001	4.519e-001	1.412e-001	4.520e-001
8.003e-001	2.831e-001	1.217e+000	8.920e-001	1.643e-001
2.927e-001	3.624e+000	1.369e+000	8.150e-001	1.443e+000
2.721e+000	5.779e-001	8.812e-001	1.399e+000	4.949e-001
9.589e-001	1.061e+000	9.714e-001	1.687e+000	3.764e-001
6.576e-001	1.089e+000	3.173e-001	6.961e-001	5.170e-001
2.357e-001	4.675e-001	1.846e+000	7.406e+000	1.737e-001
3.662e-001	2.235e-001	2.389e-001	3.238e-001	3.542e+000
2.089e-001	4.828e-001	2.056e-001	1.690e+000	3.137e+000
4.167e-001	1.099e+000	1.399e+000	3.087e+000	4.840e-001
1.529e-001	3.275e+000	1.316e+000	1.165e+000	7.456e-001
1.059e+000	1.069e+000	1.264e+000	1.135e-001	2.990e-001
4.363e-001	2.209e-001	1.834e+000	8.555e-002	1.482e+000
6.156e-001	5.138e-001	1.756e+000	1.949e+000	3.276e+000
3.197e-001	3.304e-001	1.015e+000	2.365e+000	4.353e-001
4.879e-001	1.829e-001	1.250e+000	5.338e-001	6.782e-001
3.202e+000	3.631e-001	1.675e+000	2.121e+000	9.466e-001
1.407e+000	1.081e+000	1.039e+000	3.814e-001	1.627e+000
7.893e-001	3.362e+000	7.926e-001	1.467e-001	9.216e-001
2.716e+000	2.250e-001	1.025e+000	6.549e-001	5.208e-001
2.093e-001	1.111e+000	8.349e-001	5.305e-001	8.456e-001
1.866e+000	4.186e-001	2.076e+000	5.434e-001	1.138e+000
1.221e+000	1.680e-001	1.487e+000	7.783e-001	8.496e-001
9.441e-001	1.940e+000	1.814e+000	2.364e-001	1.725e-001
1.434e+000	7.776e-001	3.951e-001	1.140e+000	1.482e+000
3.225e+000	1.713e+000	1.151e+000	1.489e+000	3.759e-001
3.751e-001	2.921e-001	1.630e+000	2.692e+000	1.312e+000
5.481e-001	1.968e+000	9.281e-001	7.547e-001	2.634e+000
7.184e-001	3.440e-001	1.858e-001	5.280e-001	9.127e-001
1.181e+000	3.138e+000	1.679e+000	2.175e+000	1.335e+000
1.330e+000	9.807e-002	9.716e-001	2.401e+000	6.068e-001
1.680e-001	1.207e+000	1.787e+000	7.895e+000	3.182e+000
8.720e-001	9.789e-001	9.519e-001	1.858e-001	6.156e-001
4.655e-001	7.467e-001	3.333e+000	7.377e-001	1.735e+000
8.968e-001	1.766e+000	3.699e-001	1.348e+000	3.138e+000
7.873e-001	8.596e-001	1.241e+000	2.974e+000	1.009e+000
1.421e-001	1.015e+000	1.248e+000	1.963e+000	1.007e+000
2.255e+000	2.798e+000	2.056e+000	1.857e+000	2.043e+000
4.865e-001	6.332e-001	1.549e+000	3.118e+000	9.591e-001
1.747e+000	3.776e-001	8.022e-001	1.185e+000	7.113e-001
9.215e-001	8.762e-001	4.725e-001	1.862e+000	6.920e-001
2.670e+000	2.991e-001	3.547e-001	1.062e+000	3.562e-001
9.165e-001	3.270e-001	2.998e+000	1.095e+000	6.252e-001
2.437e+000	6.179e-001	2.345e-001	3.047e+000	9.798e-001
5.704e-002	2.322e-001	4.507e-001	9.352e-001	3.293e+000
2.659e+000	2.062e+000	1.920e+000	4.520e-001	3.744e-001
7.673e-001	1.972e+000	9.718e-001	4.668e+000	4.559e-001
4.947e-001	5.083e-001	1.208e+000	1.814e+000	1.873e+000
8.086e-001	3.274e+000	5.019e-001	2.475e+000	9.990e-001
2.464e+000	9.614e-001	1.255e+000	1.403e+000	1.183e+000
4.241e+000	3.663e-001	1.312e+000	4.503e-001	1.784e+000
1.643e+000	5.319e-001	2.033e+000	7.643e-001	3.088e-001
2.347e+000	8.285e-001	4.141e-001	4.680e+000	3.298e-001
1.489e+000	3.056e-001	1.283e+000	1.149e+000	3.529e-001
1.893e-001	1.260e+000	1.129e+000	1.787e+000	1.410e+000
1.026e+000	1.007e+000	7.781e-001	1.015e-001	7.228e-001
2.151e+000	3.818e-001	7.603e-001	2.089e+000	1.243e+000
1.111e+000	7.037e-001	6.489e-001	6.249e-001	9.605e-001
1.092e-001	6.064e-002	1.339e+000	2.879e-001	3.059e+000
1.794e+000	4.772e+000	7.229e-001	8.081e-001	1.311e+000
6.692e+000	1.993e+000	3.391e-001	2.810e-001	6.320e-001
2.410e-001	1.409e+000	5.113e-001	1.051e+000	2.345e+000
1.071e+000	8.564e-001	1.260e+000	2.510e-001	2.000e+000
1.802e+000	1.957e+000	8.370e-001	3.706e-001	1.353e+000
2.856e+000	1.029e+000	1.155e+000	2.159e-001	7.040e-001
2.618e+000	6.295e-001	5.583e-001	3.149e-001	1.999e+000
5.785e-001	1.474e+000	1.978e+000	6.045e-001	5.776e-001
1.158e+000	1.282e-001	1.161e+000	1.136e+000	2.654e-001
8.028e-001	7.441e-001	5.114e-001	1.667e+000	1.269e+000
2.045e+000	1.493e+000	1.391e+000	3.735e-001	2.092e+000
6.094e-001	1.864e+000	5.057e-001	3.857e-001	2.762e-001
8.328e-001	1.203e+000	3.005e+000	1.302e+000	1.301e+000
2.594e-001	1.261e+000	6.922e-001	5.511e-001	4.277e-001
1.367e+000	1.250e+000	1.165e-001	1.774e+000	2.745e+000
8.007e-001	6.721e-001	3.779e+000	1.651e+000	2.213e+000
1.039e+000	1.719e+000	2.462e-001	1.672e+000	7.736e-001
1.184e-001	1.009e+000	9.168e-001	4.997e-001	2.232e+000
6.740e-001	2.589e-001	5.487e-001	7.515e-001	8.370e-001
7.707e-001	1.013e+000	3.164e-001	3.813e-001	9.452e-001
5.070e+000	4.652e-001	1.206e+000	1.820e+000	1.369e+000
6.192e-001	2.332e-001	3.126e+000	1.168e+000	2.197e+000
2.780e+000	1.845e+000	1.055e+000	2.871e-001	9.783e-001
1.662e+000	5.336e-001	7.837e-001	3.502e-001	7.161e-001
1.226e+000	5.060e-001	1.003e+000	3.229e+000	8.569e-001
6.125e+000	2.403e+000	1.388e+000	7.626e-001	7.861e-001
1.694e+000	1.571e+000	1.696e+000	1.507e+000	5.056e+000
7.779e-001	1.091e+000	7.218e-001	8.288e-001	1.096e+000
4.277e-001	2.749e-001	1.528e-001	6.431e-001	9.061e-001
2.275e+000	6.843e-001	3.454e+000	2.448e+000	1.386e+000
1.310e+000	4.789e-001	1.046e+000	4.326e-001	9.169e-001
2.281e+000	2.009e-001	7.554e-001	2.709e-001	6.444e-001
7.486e-001	2.051e-001	8.200e-001	2.731e-001	2.495e+000
1.887e+000	1.480e-001	9.244e-001	2.454e+000	3.239e+000
1.961e-001	3.096e-001	2.281e+000	1.374e-001	1.477e+000
1.348e-001	7.854e-001	2.797e-001	2.458e-001	1.799e+000
5.982e-001	2.250e+000	1.667e-001	3.024e-001	1.082e+000
8.708e-001	1.861e+000	2.258e+000	2.984e-001	1.322e+000
6.037e+000	3.093e+000	4.301e-001	5.362e-001	8.704e-001
2.294e+000	1.078e+000	9.657e-001	6.148e-001	1.595e+000
7.454e-001	5.558e-001	1.032e+000	1.382e+000	1.749e+000
7.735e-001	1.132e+000	7.037e-001	5.268e-001	3.983e-001
3.257e+000	1.359e+000	1.082e+000	6.313e-001	1.319e+000
7.381e-001	1.532e+000	4.680e+000	3.269e-002	3.844e-001
8.429e-001	3.499e+000	2.041e+000	1.731e+000	1.765e-001
7.163e-001	3.157e+000	4.364e-001	1.335e+000	3.739e-001
1.157e+000	1.651e+000	3.168e+000	1.599e+000	6.759e-001
1.316e+000	4.020e-001	1.193e+000	1.168e+000	2.766e+000
1.361e+000	1.605e+000	1.489e+000	8.315e-001	8.266e-001
1.475e+000	1.231e+000	5.873e-001	1.229e+000	1.509e+000
2.009e+000	5.539e-001	1.486e+000	5.019e-001	3.915e-001
6.750e-001	3.159e+000	4.195e-001	1.148e+000	2.717e+000
6.627e-001	1.532e-001	7.969e-001	3.461e-001	3.274e-001
9.786e-001	8.415e-001	2.902e+000	1.276e+000	1.791e+000
1.821e+000	1.102e+000	2.773e+000	4.297e-001	1.502e+000
5.439e-001	2.380e+000	5.195e-001	2.457e+000	3.244e-001
9.024e-001	4.711e+000	3.528e+000	9.864e-001	4.128e+000
4.241e+000	4.267e+000	9.870e-001	1.160e+000	1.416e-001
4.907e-001	2.668e+000	1.005e+000	1.383e+000	1.103e+000
2.124e-001	8.447e-001	8.925e-001	1.268e+000	7.119e+000
8.206e-001	5.030e-001	1.309e+000	9.910e-001	1.989e+000
3.636e-001	3.016e+000	8.025e-001	5.921e-001	1.511e+000
1.742e+000	1.617e+000	4.191e-001	1.371e+000	6.049e-001
3.393e-001	7.771e-001	1.369e+000	9.151e-001	2.177e-001
5.938e+000	6.072e-001	2.363e+000	5.958e-001	6.767e+000
7.433e-001	1.331e-001	7.816e-001	3.308e-001	8.919e-001
1.904e+000	4.108e-001	1.015e+000	2.627e+000	1.973e+000
2.093e+000	5.987e-001	7.588e-001	2.110e-001	1.174e+000
3.260e-001	6.922e-001	1.888e+000	1.103e+000	3.763e+000
1.093e+000	5.946e-001	3.850e-001	4.097e-001	9.591e-001
3.590e-001	1.679e-001	1.197e+000	4.305e-001	2.024e+000
1.023e-001	2.800e+000	1.028e+000	1.384e+000	5.295e-001
2.459e-001	2.244e+000	6.096e-001	4.307e-001	1.761e+000
2.783e-001	1.189e+000	8.274e-001	1.312e+000	2.772e+000
7.611e-001	1.325e+000	7.439e-001	8.566e-001	2.416e-001
1.539e+000	1.047e+000	2.902e+000	3.344e+000	5.995e-001
5.431e-001	2.244e+000	3.011e+000	4.952e-001	1.967e-001
4.363e+000	2.181e+000	1.431e+000	3.415e-001	6.668e-001
2.080e-001	3.663e-001	3.167e-001	1.986e+000	3.923e-001
3.820e-001	2.024e+000	1.266e+000	5.804e-001	2.205e+000
1.481e+000	5.230e-001	5.816e-001	4.850e-001	6.994e-001
6.778e-001	6.856e-001	2.014e-001	3.311e-001	6.751e-001
8.061e-001	3.915e+000	2.420e+000	1.922e+000	1.448e-001
1.685e+000	9.929e-001	2.272e+000	3.942e-001	2.243e-001
1.580e+000	1.184e+000	1.722e+000	1.054e+000	4.732e-001
7.354e-001	3.225e-001	2.307e+000	2.810e-001	1.562e+000
3.829e-001	9.609e-001	4.367e+000	4.956e-001	1.390e+000
1.087e+000	4.205e-001	1.017e+000	1.563e+000	1.273e+000
1.245e+000	7.141e-001	1.063e+000	7.683e-001	4.152e+000
1.511e+000	1.760e+000	2.209e+000	2.201e-001	7.229e-001
5.013e-001	1.179e+000	4.565e-001	4.370e-001	7.723e-001
9.417e-001	2.178e+000	7.359e-001	6.127e-001	1.377e+000
3.739e-001	1.138e+000	2.180e+000	1.070e+000	1.139e+000
7.418e-001	1.358e+000	3.304e-001	6.808e-001	7.305e-001
1.826e+000	7.036e-001	2.833e-001	1.077e+000	6.111e-001
1.616e-001	4.815e-001	4.734e-001	1.292e+000	1.352e-001
6.687e-001	3.459e-001	3.222e-001	4.343e-001	6.753e-001
3.652e+000	8.608e-001	4.828e-001	1.211e+000	9.059e-001
1.797e+000	1.212e-001	5.976e-001	3.242e+000	3.556e+000
1.392e+000	4.530e-001	3.939e-001	2.839e-001	1.782e+000
5.251e-001	7.884e-001	3.634e-001	9.825e-001	1.532e-001
1.320e+000	3.116e-001	3.015e+000	9.813e-001	1.964e+000
4.231e+000	1.474e+000	8.753e-001	5.919e-001	7.243e-002
1.334e+000	5.496e-001	2.747e+000	6.735e-001	2.140e+000
6.277e-001	3.884e-001	1.168e+000	2.097e+000	1.612e+000
4.052e-001	6.627e-001	6.632e-001	1.155e+000	9.960e-001
7.227e-001	6.633e-001	3.530e-001	1.330e+000	1.320e+000
6.628e-001	1.972e+000	7.646e-001	1.757e+000	2.616e-001
5.089e+000	6.099e-001	1.988e+000	6.746e-001	7.286e-001
3.407e-001	4.331e-001	7.923e-001	2.975e+000	8.721e-001
4.370e-001	1.015e+000	4.051e-001	3.172e+000	1.421e-001
3.330e+000	6.978e-001	1.558e+000	2.911e-001	1.775e+000
6.510e-001	1.183e+000	3.974e-001	3.521e-001	3.202e+000
2.241e+000	9.803e-001	1.092e+000	2.285e+000	1.204e+000
2.566e+000	9.307e-001	7.189e-001	5.594e-001	1.450e+000
2.655e-001	2.281e-001	9.558e-001	1.406e+000	8.893e-001
1.774e+000	3.252e+000	7.572e-001	3.265e-001	7.987e-001
6.902e-001	2.060e-001	9.002e-001	9.600e-001	1.044e+000
2.653e-001	1.716e+000	4.840e+000	5.962e+000	4.173e-001
8.586e-002	1.367e+000	1.817e+000	1.246e+000	3.049e-001
8.571e-001	7.095e-001	3.025e+000	3.406e-001	5.852e-001
1.028e+000	3.341e-001	2.851e+000	1.355e+000	4.386e-001
2.531e+000	1.945e+000	9.536e-001	8.408e-002	2.282e+000
5.772e-001	2.579e-001	5.371e+000	1.242e+000	6.286e-001
6.843e-001	1.051e+000	8.871e-001	9.341e-001	1.214e+000
3.727e-001	7.908e-001	1.179e-001	1.006e+000	2.346e-001
1.019e+000	1.710e+000	3.792e-001	7.297e-002	1.398e+000
2.516e+000	3.846e-001	1.338e+000	1.123e+000	2.042e+000
1.731e+000	6.079e-001	2.917e-001	2.055e+000	2.810e-001
1.358e+000	2.069e-001	1.956e+000	6.258e-001	1.709e+000
6.269e+000	6.580e-001	8.341e-001	2.409e+000	1.315e-001
6.208e-001	1.398e+000	1.981e+000	1.358e+000	2.722e+000
5.529e-001	1.074e+000	1.803e+000	9.779e-002	4.741e-001
3.795e-001	4.243e-001	3.272e+000	4.320e-001	6.874e-001
6.511e-001	2.462e-001	2.764e+000	7.279e-001	1.302e+000
2.313e+000	4.002e+000	7.881e-001	9.249e-001	3.623e-001
5.121e-001	1.701e-001	2.974e+000	6.457e-001	6.019e-001
6.557e-001	7.483e-001	9.472e-001	9.689e-001	2.182e+000
6.640e-001	5.005e+000	1.023e+000	1.768e+000	1.849e+000
1.900e+000	8.204e-001	7.624e-001	6.242e-001	7.547e-001
8.461e-001	2.329e+000	3.500e+000	2.025e+000	7.969e-001
4.712e-001	1.110e+000	5.176e-001	3.403e-001	8.383e-001
1.049e+000	1.565e+000	3.746e-001	6.682e-001	1.253e+000
4.361e-001	2.678e+000	1.951e+000	1.866e-001	1.183e+000
1.893e+000	4.847e-001	1.119e+000	1.421e+000	2.046e-001
1.282e+000	5.190e-001	1.448e+000	1.833e-001	7.529e-001
3.458e-001	5.557e-001	1.013e+000	1.838e+000	1.520e+000
7.293e-001	3.490e-001	2.785e+000	4.139e-001	1.045e+000
2.459e-001	1.134e+000	7.589e-001	6.870e-001	3.849e-001
8.050e-001	1.922e+000	1.017e+000	3.682e-001	1.218e+000
9.605e-001	8.636e-001	8.805e-001	5.541e-001	1.370e+000
9.070e-001	2.019e+000	3.426e-001	2.478e+000	3.514e-001
6.887e-001	8.705e-001	2.966e+000	2.772e-001	7.586e-001
5.377e-001	8.506e-001	1.039e+000	1.328e+000	1.721e+000
3.703e-001	1.068e+000	1.804e+000	1.922e+000	4.916e-001
1.488e+000	3.706e-001	2.311e-001	7.671e+000	4.331e-001
1.205e+000	1.027e+000	9.684e-001	2.278e+000	3.152e+000
3.577e+000	2.275e-001	6.837e-001	7.605e-002	1.530e+000
2.740e-001	7.966e-001	4.222e-001	4.287e+000	3.894e-001
1.991e+000	5.325e-001	7.690e-001	2.027e+000	1.033e+000
5.005e-001	2.845e-001	7.345e-001	2.771e-001	5.644e+000
2.519e-001	6.520e-001	1.892e+000	7.112e-001	7.460e-001
3.572e-001	9.454e-001	7.607e-001	1.463e+000	1.345e+000
3.652e+000	2.010e-001	4.201e-001	1.595e+000	9.915e+000
4.595e-001	1.286e-001	1.270e+000	6.041e-001	3.343e-001
6.434e-001	6.662e-001	2.134e+000	4.387e-001	3.786e-001
3.874e+000	2.659e-001	4.748e-001	9.904e-001	1.293e+000
4.167e+000	4.343e+000	2.512e-001	1.065e+000	1.992e+000
1.586e-001	1.422e+000	1.581e-001	1.346e+000	7.044e-001
1.570e-001	3.642e-001	1.242e+000	6.825e-001	1.670e+000
1.169e+000	1.475e+000	5.805e-001	4.115e-001	3.543e-001
1.238e-001	9.029e-001	6.789e-001	4.989e-001	2.227e+000
1.722e+000	1.896e-001	2.171e-001	8.484e-001	4.264e+000
1.983e+000	7.127e-001	1.908e-001	4.832e-001	1.615e+000
3.383e-001	4.127e+000	6.977e-001	7.994e-001	3.320e-001
1.440e+000	9.300e-001	3.256e-001	5.735e-001	2.941e+000
7.485e-001	8.038e-001	2.509e+000	1.341e+000	1.082e+000
3.216e+000	4.940e+000	3.489e+000	1.750e+000	1.234e+000
3.699e-001	1.379e+000	2.563e+000	5.065e-001	1.086e+000
2.420e+000	2.976e-001	5.328e-001	2.048e-001	2.553e+000
1.076e-001	2.767e-001	2.118e+000	6.728e-001	2.811e+000
2.717e+000	1.567e+000	8.919e-001	9.245e-001	1.505e+000
1.329e+000	2.916e-001	7.739e-001	6.337e-001	1.668e+000
3.902e-001	7.321e-001	5.266e-001	1.021e+000	2.053e+000
1.109e+000	2.034e+000	4.959e-001	1.013e+000	1.704e+000
1.805e+000	7.861e-001	1.172e+000	8.621e-001	8.538e-001
5.063e-001	1.403e+000	1.059e+000	2.647e-001	6.464e-001
4.776e+000	1.098e+000	7.273e-001	4.335e+000	1.152e+000
1.082e+000	1.733e+000	4.015e+000	1.911e-001	2.164e+000
1.358e+000	6.968e-001	1.214e+000	3.352e-001	1.256e-001
1.150e+000	2.112e+000	7.189e-001	1.052e+000	3.113e+000
9.642e-001	1.585e+000	1.686e+000	1.665e+000	7.915e-001
4.555e-001	8.667e+000	7.153e-002	5.436e-001	3.493e-001
5.422e-001	8.163e-001	1.762e+000	4.308e-001	2.833e-001
2.129e+000	3.511e-001	2.919e+000	8.053e-001	2.312e+000
8.879e-001	1.373e+000	1.461e+000	1.587e+000	5.192e-001
2.086e-001	1.487e+000	3.714e+000	2.667e+000	1.369e+000
8.353e-001	3.124e+000	8.238e-001	1.764e+000	4.879e+000
2.577e-001	3.065e+000	2.200e+000	1.132e+000	7.471e-001
1.980e-001	8.023e-001	4.232e-001	1.353e+000	9.039e-002
4.433e-001	1.559e+000	6.839e-001	7.406e-001	5.877e-001
1.161e+000	1.903e-001	1.241e-001	1.062e+000	1.827e+000
2.498e+000	2.587e-001	6.018e-001	1.296e-001	3.632e+000
3.909e-001	6.726e-001	8.150e-001	1.062e+000	7.726e-001
8.657e-001	9.667e-001	1.133e-001	2.180e+000	2.903e+000
5.334e-001	4.261e+000	9.224e-001	6.876e-001	8.925e-001
1.582e+000	2.884e+000	3.732e-001	1.406e+000	3.901e-001
1.448e+000	4.352e-001	5.761e+000	4.015e-001	2.310e+000
4.619e-002	8.706e-001	4.324e-001	3.533e-001	2.401e-001
3.305e-001	7.292e-001	3.610e-001	5.906e-001	4.232e+000
1.985e+000	3.477e-001	4.227e-001	1.851e+000	1.099e+000
1.525e+000	6.651e-001	5.674e-001	1.216e+000	1.198e+000
2.702e-001	1.142e+000	1.679e+000	1.241e-001	2.575e+000
1.381e+000	1.593e+000	5.344e-001	5.352e-001	1.974e+000
6.668e-001	1.155e+000	4.799e-001	2.957e-001	8.239e+000
1.235e+000	2.065e+000	6.883e-001	8.014e-001	2.064e+000
4.646e-001	5.601e-001	9.327e-002	2.929e+000	8.865e-001
1.078e+000	1.327e+000	2.558e+000	7.521e-001	1.918e-001
1.676e-001	8.113e-001	2.195e+000	7.106e-002	1.349e+000
9.882e-001	2.154e+000	4.730e-001	1.243e+000	3.345e+000
3.864e-001	4.657e-001	4.885e-001	8.572e-001	7.990e-001
2.003e-001	9.957e-001	6.301e-001	6.848e-001	2.957e+000
2.779e-001	2.071e+000	4.198e-001	9.689e-001	6.566e-001
7.681e-001	3.301e+000	4.989e-001	7.761e-002	9.938e-001
7.085e-001	8.193e-001	3.997e+000	1.269e+000	1.843e+000
8.282e-001	9.536e-001	8.193e-002	4.206e-001	5.782e-001
1.630e+000	1.034e+000	5.967e+000	2.706e+000	1.019e-001
8.043e-001	7.912e-001	1.523e+000	1.578e+000	2.013e+000
9.663e-001	1.833e+000	5.549e-001	1.427e+000	2.622e-001
2.424e+000	1.055e-001	1.038e+000	4.882e-001	1.134e+000
1.739e+000	2.274e+000	6.452e-001	2.586e+000	8.020e-001
9.982e-001	5.603e-001	8.445e-001	1.368e+000	1.192e+000
3.736e+000	1.418e+000	8.588e-001	4.456e-001	4.710e-001
2.564e+000	3.733e-001	2.235e+000	1.378e+000	3.904e-001
3.168e-001	5.867e-001	7.229e-001	2.968e-001	4.483e-002
2.526e+000	1.372e+000	1.416e+000	1.121e+000	8.599e-001
7.546e-001	9.544e-001	2.049e-001	7.951e-001	1.140e+000
1.649e+000	5.196e+000	1.876e+000	1.619e+000	6.153e-001
2.305e-001	1.376e+000	2.403e+000	8.273e-001	3.484e-001
3.196e-001	7.186e-001	9.057e-002	8.426e-001	4.968e+000
1.041e+000	1.476e+000	2.094e+000	2.674e-001	3.336e+000
4.452e+000	6.124e-001	2.636e+000	1.004e+000	4.608e-001
1.110e+000	2.173e+000	4.396e-001	3.079e-001	1.612e+000
5.901e-001	1.118e+000	5.729e-001	7.947e-001	1.092e+000
2.465e-001	1.184e+000	2.836e+000	1.504e+000	1.144e+000
3.397e-001	3.652e-001	3.870e-001	4.556e-001	1.560e+000
7.782e-001	1.339e+000	7.980e-001	1.953e-001	1.072e+000
2.832e+000	1.904e-001	7.790e-001	4.828e-001	6.887e-001
3.848e-001	2.312e-001	4.791e-001	3.512e-001	2.914e-001
1.374e+000	3.803e-001	4.497e-001	5.964e-001	1.422e+000
1.254e-001	1.501e+000	1.054e+000	9.271e-001	3.422e-001
2.965e-001	1.711e+000	4.094e-001	8.501e-001	3.196e+000
3.699e+000	5.840e-001	8.487e-001	1.430e+000	6.497e-001
1.124e+000	9.676e-001	2.537e-001	8.569e-001	7.653e-001
5.045e-001	1.498e-001	1.541e+000	3.196e+000	4.473e-001
1.046e+000	6.330e-001	1.980e+000	2.080e-001	1.377e+000
2.108e-001	1.968e+000	3.305e-001	1.540e+000	1.039e+000
3.663e-001	7.893e-001	5.949e+000	1.273e+000	2.349e+000
1.420e+000	2.033e+000	2.302e-001	1.304e+000	1.019e+000
2.395e+000	1.130e+001	2.334e+000	1.714e-001	1.640e+000
7.412e-001	2.271e-001	1.725e+000	3.022e-001	7.653e+000
1.974e+000	1.440e+000	1.196e+000	4.989e-001	1.353e+000
2.717e-001	1.033e+000	5.620e-001	1.609e+000	7.389e-001
1.213e+000	7.279e-001	2.943e+000	1.463e+000	5.657e-001
7.947e-001	1.090e-001	4.684e-001	8.519e-001	3.412e+000
7.912e-001	4.878e-001	1.694e+000	1.200e+000	1.379e+000
1.978e-001	1.964e+000	1.428e+000	5.494e-001	3.287e-001
8.084e-001	1.121e+000	1.273e-001	1.080e+000	8.257e-001
8.259e-001	9.823e-001	3.519e+000	8.354e-001	1.796e+000
1.869e+000	2.741e+000	4.478e-001	1.216e+000	4.549e-001
1.720e-001	4.874e-001	2.030e+000	1.446e+000	5.624e-001
1.859e-001	1.209e+000	9.692e-001	1.502e+000	2.350e+000
1.373e+000	3.071e-001	1.333e+000	9.423e-001	2.924e+000
4.741e-001	2.298e+000	2.052e-001	3.685e+000	1.742e-001
1.123e-001	5.175e-001	2.490e+000	1.193e+000	1.863e+000
1.116e+000	1.735e+000	4.101e-001	1.014e+000	1.417e+000
1.057e+000	6.923e-001	9.163e-001	8.450e-001	1.561e+000
9.116e-001	4.385e-001	6.146e-001	2.447e-001	1.598e+000
9.543e-001	9.085e-001	4.375e+000	6.936e-001	2.704e-001
1.702e+000	2.288e+000	5.766e+000	3.536e+000	2.463e-001
1.984e+000	4.253e-001	7.127e-001	2.494e+000	6.106e-001
1.010e+000	8.182e-001	8.386e-001	2.556e+000	1.126e+000
6.180e-001	4.616e-001	1.693e+000	7.474e-001	1.569e+000
1.058e+000	4.389e-001	1.905e+000	4.313e-001	6.053e-001
1.297e-001	2.613e-001	3.009e+000	2.470e+000	7.096e-001
1.252e+000	3.981e-001	1.006e+000	1.266e+000	1.223e+000
1.364e-001	2.357e+000	7.982e-001	1.015e+000	9.441e-001
6.959e-001	2.392e+000	9.553e-001	6.040e-001	4.554e-001
6.544e-001	6.691e-001	1.242e+000	5.323e-001	2.264e+000
1.175e+000	6.813e-001	9.189e-001	1.747e+000	4.571e-001
4.244e-001	1.380e+000	7.737e-001	1.536e+001	1.322e+000
8.347e-001	2.086e+000	3.225e+000	4.418e-001	3.227e-001
3.431e+000	8.828e-001	7.835e-001	2.656e+000	1.497e+000
1.609e-001	4.622e-001	1.084e+000	2.762e-001	2.357e+000
1.438e+000	2.168e+000	2.264e+000	7.536e-001	2.765e+000
2.094e+000	1.015e+000	7.132e-001	1.488e+000	3.020e+000
8.965e-001	1.454e+000	1.131e+000	4.499e-001	3.047e-001
1.400e+000	2.060e+000	9.225e-001	2.874e-001	1.544e-001
3.657e-001	6.995e-001	2.757e+000	5.347e+000	1.849e+000
7.925e-001	1.291e+000	6.737e-001	8.631e-001	1.008e+000
9.392e-001	4.721e-001	1.365e+000	1.076e+000	3.419e-001
1.559e-001	5.623e-001	1.157e+000	2.324e-001	1.832e+001
1.469e+000	8.269e-001	1.861e+000	2.911e+000	7.026e-001
1.466e+000	6.592e-001	3.078e-001	1.147e+000	1.826e+000
1.323e+000	5.736e-001	1.574e+000	2.951e-001	7.283e-001
8.507e-001	5.888e-001	1.305e+000	5.134e+000	1.193e+000
1.268e+000	1.106e+000	1.022e+000	2.401e+000	1.034e+000
1.862e+000	9.116e-001	2.547e-001	9.037e-001	8.650e-001
1.401e+000	7.433e-001	2.385e+000	1.354e+000	1.294e+000
2.885e-001	4.685e-001	4.698e-001	1.902e+000	2.905e-001
1.724e+000	1.354e+000	2.057e+000	9.229e-001	4.874e-001
4.311e-001	5.974e-001	7.302e-001	1.633e-001	8.933e-001
9.740e-001	1.994e+000	2.279e+000	5.261e-001	3.167e+000
7.576e-001	3.132e-001	1.410e+000	1.510e+000	2.103e+000
9.799e-001	7.623e+000	4.943e-001	7.330e-001	1.642e+000
2.088e+000	3.299e-001	6.356e+000	3.880e-001	2.027e+000
1.739e+000	2.281e+000	6.410e-001	5.208e+000	8.222e-001
3.994e-001	4.207e-001	1.178e+000	1.227e+000	1.867e+000
1.171e+000	1.354e+000	3.145e-001	1.278e+000	2.126e+000
8.322e-001	1.345e+000	3.886e-001	4.401e-001	2.212e-001
3.571e+000	1.487e+000	1.475e-001	6.984e+000	1.417e+000
1.601e+000	3.235e+000	7.318e-001	9.746e-001	1.655e+000
1.321e+000	3.841e-001	3.887e+000	6.095e-001	6.057e-001
5.702e-001	3.836e-001	7.141e-001	1.708e+000	2.550e-001
4.065e+000	5.836e-001	9.377e-001	1.059e+000	2.547e+000
4.666e-001	6.311e-001	1.714e-001	1.566e+000	1.040e+000
6.023e-001	6.014e-001	1.929e+000	1.348e+000	1.416e+000
8.050e-001	8.487e-001	1.707e+000	8.352e-001	3.449e-001
2.189e-001	1.671e+000	1.593e+000	4.401e+000	8.521e-001
3.502e+000	3.737e+000	1.264e+000	1.590e+000	7.946e-001
5.025e-001	1.894e+000	1.202e+000	1.294e+000	1.251e+000
1.410e+000	1.019e+000	1.698e-001	7.337e-001	3.344e-001
5.908e-001	1.509e-001	4.118e+000	4.102e-001	1.079e+000
1.144e+000	6.344e-001	6.771e-001	7.702e-001	3.030e-001
4.143e-001	1.570e+000	3.237e-001	1.264e+000	1.172e+000
1.302e+000	2.029e-001	7.739e-001	7.704e-001	1.085e+000
1.828e+000	1.373e+000	3.378e-001	6.089e-001	5.444e-001
1.216e+000	9.394e+000	1.422e+000	7.825e-001	7.655e-001
1.017e+000	5.468e-001	7.157e-001	1.882e-001	8.087e-001
4.054e-001	1.202e+000	1.944e+000	1.389e+000	3.795e-001
7.372e-001	3.455e-001	1.704e+000	8.828e-001	1.535e+000
1.415e+000	3.118e+000	1.172e+000	8.980e-001	3.585e-001
4.571e-001	1.476e+000	1.071e+000	1.365e+000	4.726e-001
1.487e-001	1.937e+000	1.206e-001	5.237e-001	1.751e+000
4.046e+000	8.881e-001	1.917e+000	6.916e-001	1.471e+000
9.925e-001	9.193e-001	1.843e+000	1.267e-001	3.946e-001
2.514e-001	1.053e+000	1.064e+000	1.086e+000	6.510e-001
1.554e+000	1.087e+000	6.498e-001	1.482e+000	3.127e+000
1.212e+000	8.230e-001	1.391e+000	3.696e-001	1.434e-001
4.525e-001	1.602e+000	2.528e+000	5.768e-001	1.286e+000
1.438e+000	2.186e+000	7.633e-001	7.888e-001	1.136e+000
1.300e+000	1.065e+000	8.440e-001	7.701e-001	3.941e-001
1.806e+000	5.631e+000	1.608e+000	1.244e+000	1.370e+000
1.233e+000	6.556e-001	7.595e-001	1.277e+000	5.595e-001
1.076e+000	9.395e-001	1.625e+000	1.101e+000	6.163e-001
1.224e+000	1.639e+000	7.458e-001	6.216e-001	1.429e+000
1.776e+000	5.475e+000	6.386e-001	8.203e-001	1.149e+000
1.311e+000	1.865e+000	1.874e+000	1.131e+000	6.473e-001
4.268e-001	9.455e-001	8.919e-001	3.740e-001	3.828e-001
2.043e-001	4.543e-001	1.426e-001	1.209e+000	2.898e-001
3.208e+000	1.097e+000	5.542e-001	1.500e+000	1.600e+000
4.716e+000	2.970e-001	9.583e+000	1.747e+000	1.929e-001
1.757e+000	7.753e-001	7.410e-001	9.699e-001	2.635e-001
1.036e+000	2.918e+000	2.224e-001	4.136e-001	1.362e-002
2.896e+000	8.075e-001	1.002e+000	1.172e+000	1.321e+000
5.167e-001	1.788e+000	3.975e-001	3.449e-001	1.435e+000
1.066e+000	3.944e+000	1.230e+000	2.199e+000	3.184e-001
1.134e+000	8.170e-001	3.362e+000	2.493e+000	2.951e+000
9.808e-001	7.446e-001	1.758e-001	5.058e-001	9.785e-001
3.055e-001	2.900e+000	3.450e+000	9.330e-001	4.037e-001
1.241e+000	2.292e+000	6.662e-001	1.052e+000	1.125e+000
1.928e+000	4.276e-001	1.087e+000	2.050e-001	4.584e-001
3.749e+000	1.114e-001	7.833e-001	1.488e+000	4.003e+000
5.260e-001	1.093e+000	3.892e-001	3.945e+000	7.798e-001
4.951e-001	5.799e-001	2.401e+000	3.054e-001	6.734e-001
1.481e+000	1.292e+000	2.732e+000	1.188e+000	1.010e+000
3.583e-001	1.859e+000	1.344e+000	1.344e+000	8.892e-001
2.906e+000	2.285e-001	3.183e+000	2.365e-001	1.599e+000
2.279e+000	1.420e+000	4.101e+000	2.333e-001	1.994e+000
1.576e+000	6.356e-001	3.386e-001	7.694e-001	1.333e+000
1.720e-001	9.122e-001	9.835e-001	1.307e+000	1.250e+000
2.076e+000	7.023e-001	2.624e-001	2.500e-001	7.153e-001
2.342e+000	1.322e+000	5.047e+000	2.289e+000	1.511e+000
8.676e-001	3.793e-001	4.496e-001	7.498e-001	5.715e-001
1.079e+000	2.698e-001	8.627e-001	1.945e+000	1.124e+000
7.878e-001	4.023e+000	1.022e+000	7.098e-001	9.553e-001
3.623e-001	1.007e+000	1.327e-001	1.023e+000	1.593e+000
1.507e+000	1.091e+000	5.515e-001	1.220e+000	9.839e-001
8.537e-001	2.491e+000	5.863e-001	4.946e-001	1.538e+000
9.172e-001	1.455e+000	1.918e+000	4.322e-001	1.175e+000
6.898e-001	7.122e-001	7.086e-002	1.660e+000	1.637e+000
3.016e-001	1.537e+000	9.101e-001	3.028e+000	5.777e-001
1.119e+000	9.960e-001	1.579e+000	5.249e-001	1.953e+000
1.475e+000	2.444e+000	6.813e-001	5.849e-001	1.385e+000
6.993e-001	2.277e+000	1.005e+000	9.317e-001	7.187e-001
4.573e+000	9.121e-001	5.054e-001	1.405e-001	1.548e-001
2.522e+000	1.779e+000	2.240e+000	3.020e+000	1.702e+000
4.830e-001	1.169e+000	7.220e-001	1.189e+000	2.804e+000
8.070e-001	3.136e+000	2.973e-001	4.122e+000	6.634e-001
9.738e-001	5.799e-001	1.985e+000	1.771e-001	1.307e+000
1.462e+000	1.234e+000	1.120e+000	4.056e-001	3.338e-001
9.750e-002	2.312e+000	7.051e-001	4.377e-001	6.847e-001
9.084e-001	1.877e+000	3.229e+000	3.495e-001	2.071e-001
5.314e-001	2.874e-001	7.633e-001	7.880e-002	9.028e-001
4.543e-001	4.955e-001	3.795e-001	8.661e-001	6.826e-001
1.628e-001	1.667e-001	5.608e-002	3.140e-001	8.314e-001
1.457e+000	1.631e+000	5.685e-001	2.106e+000	1.840e-001
1.923e-001	5.373e-001	3.815e-001	1.324e+000	8.407e-001
1.249e+000	3.321e-001	1.462e+000	1.580e+000	2.590e-001
6.472e-001	4.804e-001	1.820e+000	1.182e+000	7.488e-001
6.871e-001	8.419e-001	8.151e-001	1.756e+000	1.251e+000
6.352e-001	1.248e+000	2.616e+000	4.209e-001	1.897e+000
1.752e+000	3.117e-001	8.614e-001	1.550e+000	1.730e+000
1.764e+000	2.278e+000	1.011e+000	2.395e+000	8.846e-001
2.946e+000	1.137e+000	6.790e-001	6.703e-001	1.686e+000
7.713e-001	2.217e-001	3.271e-001	4.662e-001	2.686e+000
4.882e+000	1.728e-001	5.971e-001	4.905e-001	9.563e-001
4.726e-001	1.094e-001	2.814e+000	5.841e-001	5.328e-001
3.370e-001	1.508e+000	2.833e+000	1.171e+000	3.948e-001
2.375e-001	1.176e+000	5.313e-001	2.029e-001	7.291e-001
3.430e+000	1.456e+000	6.194e-001	7.881e-001	1.457e+000
6.331e-001	5.519e-001	3.554e-001	4.845e-001	5.696e-001
